client_name,client_state,invoice_count,total_sales,avg_invoice,total_paid,total_due
5 STAR BEAUTY,GEORGIA,9,10555.15,1172.79,9565.15,990.00
Impress Beauty Outlet,OH,8,9548.00,1193.50,6787.00,2761.00
Sapphire beauty supply (MI13939),MI,4,9543.80,2385.95,4136.00,5407.80
SUPREME HAIR & BEAUTY,TEXAS,12,7927.40,660.62,7399.40,528.00
A & A Beauty Supply,OH,5,6826.50,1365.30,6034.50,792.00
The Hair Palace,OH,4,6451.00,1612.75,2838.00,3613.00
DIAMOND BEAUTY SUPPLY #3,LOUISIANA,1,6346.00,6346.00,6346.00,0.00
Colosseum beauty supply (MI26439),MI ,1,5564.00,5564.00,0.00,5564.00
BUNDLES N WIGS,KENTUCKY,2,5456.00,2728.00,5456.00,0.00
A & A Beauty Supply Akron,OH,6,5451.75,908.62,5451.75,0.00
Danny’s Hair & Beauty,OH,5,5249.80,1049.96,3726.80,1523.00
Danny’s Hair & Beauty Supply Lakeshore,OH,3,5067.42,1689.14,5067.42,0.00
Hair Oasis,OH,2,4961.00,2480.50,4961.00,0.00
BEAUTY QUEEN 98C STORE,GEORGIA,6,4545.70,757.62,4545.70,0.00
Infinity 99 Center Store,OH,4,4467.05,1116.76,3736.50,730.55
Crown jewel beauty supply (MI27155),MI,2,4462.50,2231.25,828.00,3634.50
Hollywood beauty supply 5,Missouri,6,4247.00,707.83,4247.00,0.00
GLAMOUR BEAUTY SUPPLY,CAROLINA,3,4148.00,1382.67,4148.00,0.00
Diva Beauty Supply IN,IN,3,4147.40,1382.47,3547.40,600.00
Danny's Hair & Beauty Supply,OH,6,3916.50,652.75,2854.50,1062.00
IBERIA HAIR AND BEAUTY SUPPLY,LOUISIANA,6,3881.00,646.83,3593.00,288.00
Hair and Beauty Depot - Fort Wayne,IN,2,3820.00,1910.00,3820.00,0.00
Longwood Plus,OH,5,3806.00,761.20,2408.00,1398.00
MAX BEAUTY SUPPLY,OH,4,3417.00,854.25,3417.00,0.00
Beauty connection (OH691),OH,2,3384.00,1692.00,0.00,3384.00
FAMOUS HAIR BEAUTY SUPPLY,KENTUCKY,3,3348.20,1116.07,3348.20,0.00
DOLLAR MANIA,LOUISIANA,6,3346.00,557.67,3346.00,0.00
Icon beauty 2 (MO7751),MO,3,3225.10,1075.03,0.00,3225.10
Remy Touch Hair & Beauty Supply,OH,4,3192.00,798.00,3192.00,0.00
Supreme Hair Depot,IN,2,3181.50,1590.75,3181.50,0.00
Hana's Beauty Supply,OH,4,3163.00,790.75,3163.00,0.00
SEREEN BEAUTY SUPPLY,N. CAROLINA,1,3132.60,3132.60,3132.60,0.00
BEAUTY GIANT,N. CAROLINA,3,3013.00,1004.33,3004.00,9.00
FABULOUS BEAUTY SUPPLY 2,VA,1,3005.80,3005.80,3005.80,0.00
George Hair & Beauty Supply,OH,4,2946.80,736.70,2946.80,0.00
Hollywood beauty supply,Missouri ,3,2938.00,979.33,2938.00,0.00
HAIR ZONE,CAROLINA,1,2871.00,2871.00,0.00,2871.00
Magic Hair & Beauty,OH,3,2761.00,920.33,2761.00,0.00
PRINCE BEAUTY SUPPLY,MISSOURI,2,2623.00,1311.50,0.00,2623.00
M & A BEAUTY SUPPLY (MI3717),MI,2,2598.00,1299.00,384.00,2214.00
Blush beauty supply (SC2716),SC,1,2544.00,2544.00,2544.00,0.00
Hair world Akron,OH,2,2541.00,1270.50,360.00,2181.00
BEAUTY & BEYOND BEAUTY SUPPLY,TEXAS,2,2476.00,1238.00,1476.00,1000.00
High Klass Beauty Supply,OH,2,2444.00,1222.00,2444.00,0.00
ZAINA BEAUTY SUPPLY,N. CAROLINA,1,2421.50,2421.50,2421.50,0.00
HAIR GLOBAL AUGUSTA,GEORGIA,2,2294.10,1147.05,2294.10,0.00
QUEENS BEAUTY SUPPLY,N. CAROLINA,1,2262.05,2262.05,0.00,2262.05
PLATINUM BEAUTY,ALABAMA,2,2229.00,1114.50,2229.00,0.00
Divas Hair And Beauty,OH,3,2202.00,734.00,2202.00,0.00
Hollywood beauty supply 3 (IL1645),IL,1,2195.00,2195.00,2195.00,0.00
Mila beauty supply (OH3441) ,OH,1,2160.90,2160.90,2160.90,0.00
BEAUTY & BEYOND,GEORGIA,3,2100.00,700.00,2100.00,0.00
BEAUTY TRENDZ,KENTUCKY,2,2100.00,1050.00,2100.00,0.00
Beauty & beyond (TX3330),TX,1,2095.20,2095.20,2095.20,0.00
BEAUTY LAND,N. CAROLINA,2,2095.00,1047.50,2095.00,0.00
VIP beauty supply (GA265),GA,2,2092.00,1046.00,2092.00,0.00
Save more beauty supply (TX2107) ,TX,2,2047.20,1023.60,2047.20,0.00
Model Beauty Supply,OH,4,2027.50,506.88,2027.50,0.00
Unique fashion & beauty (MI744),MI,2,1998.00,999.00,0.00,1998.00
Lena’s beauty supply (NC1030),NC,1,1995.80,1995.80,1995.80,0.00
Beauty secret beauty supply (AL3309),AL,1,1989.00,1989.00,1989.00,0.00
BEAUTY TRENDZ TRUSSVILLE-BEAUTY SUPPLY,AL,3,1961.60,653.87,1411.60,550.00
Images beauty supply 3,IL,2,1960.00,980.00,1378.00,582.00
Hunts Beauty Supply Elkhart,IN,2,1939.00,969.50,1279.00,660.00
PARADISE BEAUTY,GEORGIA,1,1916.00,1916.00,1916.00,0.00
LUX BEAUTY,VA,2,1852.00,926.00,1852.00,0.00
BEAUTY MANIA,ALABAMA,1,1824.00,1824.00,1824.00,0.00
Hair depot (SC1346),SC,1,1824.00,1824.00,1824.00,0.00
Beauty & beyond beauty supply (AL719) ,AL,1,1800.00,1800.00,1800.00,0.00
A & A BEAUTY SUPPLY St Louis,MISSOURI,1,1780.40,1780.40,1780.40,0.00
A BEAUTY SUPPLY,N. CAROLINA,1,1747.00,1747.00,1747.00,0.00
Famous hair beauty supply #2,KENTUCKY,2,1745.75,872.88,1745.75,0.00
BEAUTY MASTER,VA,2,1686.00,843.00,1686.00,0.00
Beauty mania & more (AR5411) ,AR,1,1685.00,1685.00,1685.00,0.00
Beauty & Beyond Beauty Supply (AL5411),AL,1,1597.00,1597.00,1597.00,0.00
Unique beauty supply (IN2304),IN,2,1596.00,798.00,837.00,759.00
BEAUTY QUEEN BEAUTY SUPPLY,GEORGIA,2,1535.00,767.50,1535.00,0.00
THE BEAUTY DEPOT,N. CAROLINA,1,1528.25,1528.25,1528.25,0.00
Velora beauty (IL5541),IL,1,1520.00,1520.00,1520.00,0.00
Malik's Beauty Supplies,OH,3,1502.50,500.83,1502.50,0.00
Princess Beauty & Hair Supply Dayton,OH,3,1498.00,499.33,1498.00,0.00
Supreme hair & beauty (AR6420),AR,2,1486.00,743.00,1486.00,0.00
Hair Land&fashion,PA,1,1456.00,1456.00,1456.00,0.00
HAIR GALLERIA,LOUISIANA,2,1442.00,721.00,1442.00,0.00
The Hair Expo,IN,1,1440.00,1440.00,1440.00,0.00
BEAUTY TRENDZ WEST MEMPHIS- BEAUTY SUPPLY,AR,1,1406.00,1406.00,1406.00,0.00
Beauty & Beyond Beauty supply (AL2585),AL,1,1392.50,1392.50,1392.50,0.00
Hair city beauty supply (NC2605),NC,1,1353.20,1353.20,0.00,1353.20
Jim dandy beauty supply,KENTUCKY,1,1344.00,1344.00,1344.00,0.00
NYC3 beauty supply (OH3212),OH,1,1338.00,1338.00,1338.00,0.00
Unique Beauty Supply Gypsy Ln,OH,1,1329.00,1329.00,1329.00,0.00
Hair world,OH,1,1292.00,1292.00,1292.00,0.00
Kay beauty supply (MI7746),MI,1,1288.00,1288.00,1288.00,0.00
Diamond hair & beauty,OH,1,1254.00,1254.00,1254.00,0.00
Hair saga,OH,1,1200.00,1200.00,1200.00,0.00
Hair galleria (MO10940),MO,3,1198.00,399.33,814.00,384.00
BEAUTY QUEEN,GEORGIA,1,1197.00,1197.00,1197.00,0.00
HAIR ZONE BEAUTY SUPPLY,GEORGIA,1,1197.00,1197.00,1197.00,0.00
Hair World Canton,OH,1,1164.00,1164.00,1164.00,0.00
NEW BEAUTY,NC,2,1150.00,575.00,1150.00,0.00
BEAUTY WORLD BEAUTY SUPPLY,GEORGIA,1,1148.00,1148.00,1148.00,0.00
Hunt's Beauty Supply,IN,2,1145.00,572.50,1145.00,0.00
QUEENS BEAUTY SUPPLY,NC,1,1142.40,1142.40,1142.40,0.00
Queen beauty supply (GA204),GA,1,1125.00,1125.00,600.00,525.00
Baly beauty supply (NC1033),NC,1,1104.00,1104.00,1104.00,0.00
GATE 2 BEAUTY SUPPLY,GEORGIA,1,1052.00,1052.00,1052.00,0.00
Hollywood beauty supply 1,Missouri,2,1035.00,517.50,1035.00,0.00
Buy And save hair & beauty supply (AR926),AR,2,974.00,487.00,974.00,0.00
Beauty trendz beauty supply,KENTUCKY,2,964.00,482.00,964.00,0.00
UNIQUE HAIR & BEAUTY SUPPLY,NC,1,960.00,960.00,960.00,0.00
Save more hair & beauty (TX1702),TX,1,944.00,944.00,944.00,0.00
Images beauty supply,IL,2,940.00,470.00,940.00,0.00
Famous hair beauty supply #1,KENTUCKY,2,924.60,462.30,924.60,0.00
One Beauty Supply,OH,1,912.00,912.00,912.00,0.00
Unique Beauty Supply Kinsman Rd,OH,2,906.50,453.25,906.50,0.00
Andy's Hair and Beauty Supplies,OH,3,901.00,300.33,901.00,0.00
BEAUTY ZONE BEAUTY SUPPLY,MS,1,894.00,894.00,894.00,0.00
DISCOUNT BEAUTY OUTLET,AL,2,876.50,438.25,876.50,0.00
BEAUTY DIVA,ALABAMA,1,864.00,864.00,864.00,0.00
INFINITE BEAUTY,LOUISIANA,1,864.00,864.00,864.00,0.00
New York Beauty & Fashion,SC,1,864.00,864.00,864.00,0.00
The hair palace south side (VA443),VA,1,864.00,864.00,864.00,0.00
BEAUTY LAND,NC,2,860.00,430.00,860.00,0.00
Icon beauty,Missouri,1,849.00,849.00,849.00,0.00
A&A BEAUTY SUPPLY,OH,2,840.00,420.00,840.00,0.00
HOLLYWOOD BEAUTY SUPPLY 3,IL,1,828.00,828.00,828.00,0.00
Beauty & beyond (AR7509) ,AR,2,824.00,412.00,824.00,0.00
BLACK STAR BEAUTY SUPPLY 2,N. CAROLINA,1,800.00,800.00,800.00,0.00
Hunts Beauty Supply South Bend,IN,1,800.00,800.00,800.00,0.00
BEAUTY TRENDZ CRESTWOOD-BEAUTY SUPPLY,ALABAMA,1,790.00,790.00,790.00,0.00
Evergreen Market Building LLC,OH,1,786.00,786.00,786.00,0.00
Beauty master center ( SC4950),SC,1,750.00,750.00,750.00,0.00
IT'S AMAZING BEAUTY SUPPLY,GEORGIA,2,748.00,374.00,748.00,0.00
BLACK STAR BEAUTY SUPPLY,N. CAROLINA,1,724.00,724.00,724.00,0.00
EGO BEAUTY SUPPLY,N. CAROLINA,1,716.00,716.00,716.00,0.00
NYC BEAUTY,CAROLINA,1,716.00,716.00,716.00,0.00
ROYAL BEAUTY,MISSOURI,1,716.00,716.00,716.00,0.00
TWINS BEAUTY SUPPLY,N. CAROLINA,1,716.00,716.00,716.00,0.00
Jennah beauty supply (OH8537),OH,1,700.00,700.00,0.00,700.00
Danny’s Hair & Beauty Garfield,OH,1,660.00,660.00,660.00,0.00
ADORIA BEAUTY CENTERS,N. CAROLINA,1,654.00,654.00,654.00,0.00
Zuri Beauty Supply,IN,1,621.00,621.00,621.00,0.00
Julia Wireless & Beauty Supplies,OH,1,594.00,594.00,594.00,0.00
Luxe Beauty Supply outlet,OH,1,576.00,576.00,576.00,0.00
PARADISE BEAUTY 4,MISSOURI,1,543.75,543.75,543.75,0.00
FIVE STAR BEAUTY & GALLERY,LOUISIANA,1,527.75,527.75,527.75,0.00
Beauty & beyond beauty supply (AL2762),AL,1,500.00,500.00,500.00,0.00
Jin wig & beauty supply (MI19045),MI,1,494.50,494.50,494.50,0.00
HAIRCASA BEAUTY SUPPLY,N. CAROLINA,1,492.00,492.00,0.00,492.00
Beauty central (MI35150,MI,1,476.50,476.50,476.50,0.00
SUPER PLATINUM BEAUTY,ALABAMA,1,468.00,468.00,468.00,0.00
Peach beauty & fashion (IL1603),IL,1,454.00,454.00,454.00,0.00
Prince beauty supply (MO7007),MO,1,450.00,450.00,450.00,0.00
George hair & beauty supply Randall,OH,1,444.00,444.00,444.00,0.00
Hair galleria (TN1070),TN,1,420.00,420.00,420.00,0.00
THE HAIR DEPOT,TEXAS,1,420.00,420.00,420.00,0.00
Sam’s Beauty World,OH,1,390.00,390.00,390.00,0.00
Supreme hair & beauty 3 (AR5917),AR,1,390.00,390.00,390.00,0.00
Tony's hair and beauty supplies,OH,2,386.00,193.00,386.00,0.00
Dollar mania (LA758),LA,1,360.00,360.00,360.00,0.00
BEAUTY & BEYOND BEAUTY SUPPLY,AL,1,336.00,336.00,336.00,0.00
DISCOUNT BEAUTY OUTLET 2,AL,1,300.00,300.00,300.00,0.00
BUY & SAVE HAIR & BEAUTY SUPPLY,LOUISIANA,1,297.00,297.00,297.00,0.00
Infinite beauty (TX4715),TX,1,286.00,286.00,286.00,0.00
Hair & Beauty Supplies,OH,1,282.00,282.00,282.00,0.00
BEAUTY GIANT,GEORGIA,1,280.00,280.00,280.00,0.00
Hanan beauty supply (AL3006),AL,1,271.00,271.00,271.00,0.00
U SAVE BEAUTY OUTLET,AL,1,216.00,216.00,216.00,0.00
Dollar Plus Beauty Supplies,OH,1,210.00,210.00,210.00,0.00
99 CENTS PLUS,AR,1,193.00,193.00,193.00,0.00
HAIR EMPIRE,LOUISIANA,1,192.00,192.00,192.00,0.00
Essence Beauty,OH,1,182.00,182.00,182.00,0.00
Beauty masters beauty supply (AL2504),AL,1,180.00,180.00,180.00,0.00
Save more beauty supply (TX1202),TX,1,164.00,164.00,164.00,0.00
Bundles n wigs beauty supply,KENTUCKY,1,144.00,144.00,144.00,0.00
HAIR GALLERIA,MS,1,132.00,132.00,132.00,0.00
Queen hair beauty supply (AL1407),AL,1,102.00,102.00,102.00,0.00
FIVE STAR BEAUTY,LOUISIANA,1,78.00,78.00,78.00,0.00
